Name,ID,URL,MimeType,Path,CreatedDate,Size
"Course Plan.pdf","1dqwHfhX2m3q5aR961phz4uVusuUKnoKp","https://drive.google.com/file/d/1dqwHfhX2m3q5aR961phz4uVusuUKnoKp/view?usp=drivesdk","application/pdf","/Semester 1/22EG140-TECHNICAL ENGLISH","2025-09-21 21:48:31",197217
"Copy of sem qp.pdf","1THAtciPZXfCdJchNM93s1PR3yWKWjMCC","https://drive.google.com/file/d/1THAtciPZXfCdJchNM93s1PR3yWKWjMCC/view?usp=drivesdk","application/pdf","/Semester 1/22EG140-TECHNICAL ENGLISH/Question Papers","2025-09-24 09:38:53",148371
"English Cat1.pdf","1mgjRs7X4AagzKQEJmaomwjeeDUWBrTaF","https://drive.google.com/file/d/1mgjRs7X4AagzKQEJmaomwjeeDUWBrTaF/view?usp=drivesdk","application/pdf","/Semester 1/22EG140-TECHNICAL ENGLISH/Question Papers","2025-09-23 19:55:37",4213909
"Copy of phrasal verbs to mail writing.pdf","147F_Ahap0emJcgfL5oTiGmvmhg5Fft9g","https://drive.google.com/file/d/147F_Ahap0emJcgfL5oTiGmvmhg5Fft9g/view?usp=drivesdk","application/pdf","/Semester 1/22EG140-TECHNICAL ENGLISH/Notes and PPTs/GRAMMAR & WRITING","2025-09-24 09:41:09",585767
"Copy of 18.12.23 PPT CAT II-REVISION.pdf","1HLE58RYmt2QCOK-GMqCCS6qZH6Ui5dP1","https://drive.google.com/file/d/1HLE58RYmt2QCOK-GMqCCS6qZH6Ui5dP1/view?usp=drivesdk","application/vnd.google-apps.shortcut","/Semester 1/22EG140-TECHNICAL ENGLISH/Notes and PPTs/GRAMMAR & WRITING","2025-09-24 09:39:22",0
"Copy of Common Latin Roots.pdf","1UGYHlSUNAwgSApKCK7QRWHbak5SlvVhh","https://drive.google.com/file/d/1UGYHlSUNAwgSApKCK7QRWHbak5SlvVhh/view?usp=drivesdk","application/pdf","/Semester 1/22EG140-TECHNICAL ENGLISH/Notes and PPTs/GRAMMAR & WRITING","2025-09-24 09:38:09",85343
"cause and effect and purpose.pdf","1UyWquLGr_8yygNed7j8fmdmEVqeKCO3H","https://drive.google.com/file/d/1UyWquLGr_8yygNed7j8fmdmEVqeKCO3H/view?usp=drivesdk","application/pdf","/Semester 1/22EG140-TECHNICAL ENGLISH/Notes and PPTs/GRAMMAR & WRITING","2025-09-21 21:51:18",417468
"concord.pdf","1rWP3Kz65IGHR8pDQfKEs-igDUYOqbKPk","https://drive.google.com/file/d/1rWP3Kz65IGHR8pDQfKEs-igDUYOqbKPk/view?usp=drivesdk","application/pdf","/Semester 1/22EG140-TECHNICAL ENGLISH/Notes and PPTs/GRAMMAR & WRITING","2025-09-21 21:51:27",178815
"numerical adjectives.pdf","1SS2RmNpP74-qnurbPRfQ0pYG_kzuc3BZ","https://drive.google.com/file/d/1SS2RmNpP74-qnurbPRfQ0pYG_kzuc3BZ/view?usp=drivesdk","application/pdf","/Semester 1/22EG140-TECHNICAL ENGLISH/Notes and PPTs/GRAMMAR & WRITING","2025-09-21 21:49:35",189359
"interpretation of graphics.pdf","1nTVxBr3I7Ik4LIJJEqAMjWkDlEqBmSFm","https://drive.google.com/file/d/1nTVxBr3I7Ik4LIJJEqAMjWkDlEqBmSFm/view?usp=drivesdk","application/pdf","/Semester 1/22EG140-TECHNICAL ENGLISH/Notes and PPTs/GRAMMAR & WRITING","2025-09-21 21:49:42",186007
"formal letter.pdf","1iGggW9-ktT_Jk3u4QauyKtGonDwHMA16","https://drive.google.com/file/d/1iGggW9-ktT_Jk3u4QauyKtGonDwHMA16/view?usp=drivesdk","application/pdf","/Semester 1/22EG140-TECHNICAL ENGLISH/Notes and PPTs/GRAMMAR & WRITING","2025-09-21 21:49:31",155534
"CHITRA - Rabindranath Tagore.pdf","1lQGBbu1woBvgJO1GwHCZ_Ug2pOg_q8db","https://drive.google.com/file/d/1lQGBbu1woBvgJO1GwHCZ_Ug2pOg_q8db/view?usp=drivesdk","application/pdf","/Semester 1/22EG140-TECHNICAL ENGLISH/Notes and PPTs/CLOZE PASSAGE - STORIES","2025-09-21 21:47:25",261828
"Short stories.pdf","1fke1tA-joUiuOmN_C8fpY9seEk0emNDv","https://drive.google.com/file/d/1fke1tA-joUiuOmN_C8fpY9seEk0emNDv/view?usp=drivesdk","application/pdf","/Semester 1/22EG140-TECHNICAL ENGLISH/Notes and PPTs/CLOZE PASSAGE - STORIES","2025-09-21 21:46:27",319991
"Course Plan.pdf","1erFRszM3Wr3DqvtIJr4MThpWAnI5QYX1","https://drive.google.com/file/d/1erFRszM3Wr3DqvtIJr4MThpWAnI5QYX1/view?usp=drivesdk","application/pdf","/Semester 1/22CS250-SYSTEM PROGRAMMING","2025-09-21 21:33:37",501357
"Copy of SYSTEM PROGRAMMING semqp.pdf","1vf64X9UcaSPAXUGVYl6-sINBQ4HxO-sd","https://drive.google.com/file/d/1vf64X9UcaSPAXUGVYl6-sINBQ4HxO-sd/view?usp=drivesdk","application/pdf","/Semester 1/22CS250-SYSTEM PROGRAMMING/Question Papers/SEM","2025-09-24 09:43:40",28308
"Copy of Sys programming.pdf","1p8zGOmFpidMucPiI-T9MJ7a98BuFCt0E","https://drive.google.com/file/d/1p8zGOmFpidMucPiI-T9MJ7a98BuFCt0E/view?usp=drivesdk","application/pdf","/Semester 1/22CS250-SYSTEM PROGRAMMING/Question Papers/SEM","2025-09-24 09:31:38",988094
"Adam Hoover - System Programming with C and Unix-Addison-Wesley (2009).pdf","1_2Mk2STDYkJkB4SNRf2KTw1_Tkg0ZCod","https://drive.google.com/file/d/1_2Mk2STDYkJkB4SNRf2KTw1_Tkg0ZCod/view?usp=drivesdk","application/pdf","/Semester 1/22CS250-SYSTEM PROGRAMMING/Books","2025-09-21 21:43:58",3527653
"System Calls and Libraries.pdf","1vvitVxcQmTRtlgW7joz3-d_nRor9B7eO","https://drive.google.com/file/d/1vvitVxcQmTRtlgW7joz3-d_nRor9B7eO/view?usp=drivesdk","application/pdf","/Semester 1/22CS250-SYSTEM PROGRAMMING/Notes and PPTs","2025-09-21 21:37:16",950513
"Software.pdf","1jVMJM46ktJo0jJtP93IgDe72EJ7J3NJo","https://drive.google.com/file/d/1jVMJM46ktJo0jJtP93IgDe72EJ7J3NJo/view?usp=drivesdk","application/pdf","/Semester 1/22CS250-SYSTEM PROGRAMMING/Notes and PPTs","2025-09-21 21:37:12",680922
"Programming Languages & Language Processing activities.pdf","1wlCSWgEw-SO4a2I-QI6KzNbpkPq6ygMc","https://drive.google.com/file/d/1wlCSWgEw-SO4a2I-QI6KzNbpkPq6ygMc/view?usp=drivesdk","application/pdf","/Semester 1/22CS250-SYSTEM PROGRAMMING/Notes and PPTs","2025-09-21 21:37:09",844302
"Machine Structure.pdf","1M6CaKnJa4JiOuYZH2c3cAm_5eV6uxOz9","https://drive.google.com/file/d/1M6CaKnJa4JiOuYZH2c3cAm_5eV6uxOz9/view?usp=drivesdk","application/pdf","/Semester 1/22CS250-SYSTEM PROGRAMMING/Notes and PPTs","2025-09-21 21:37:18",862413
"Linux C program development tools.pdf","1Ppfc2f_lDpAZ4mcTQ69k2lW10lz8oFWh","https://drive.google.com/file/d/1Ppfc2f_lDpAZ4mcTQ69k2lW10lz8oFWh/view?usp=drivesdk","application/pdf","/Semester 1/22CS250-SYSTEM PROGRAMMING/Notes and PPTs","2025-09-21 21:37:22",660561
"Basics of Linux.pdf","1mnlijtqbM4N0IuTv9kJszWa7JeiiZ8hu","https://drive.google.com/file/d/1mnlijtqbM4N0IuTv9kJszWa7JeiiZ8hu/view?usp=drivesdk","application/pdf","/Semester 1/22CS250-SYSTEM PROGRAMMING/Notes and PPTs","2025-09-21 21:38:03",688055
"Linux OS structure.pdf","14u8vqI9rCdRze6IwD5XcdyY1Rl0V3Zv5","https://drive.google.com/file/d/14u8vqI9rCdRze6IwD5XcdyY1Rl0V3Zv5/view?usp=drivesdk","application/pdf","/Semester 1/22CS250-SYSTEM PROGRAMMING/Notes and PPTs","2025-09-21 21:37:19",396071
"Course Plan.pdf","1al580Wx6F16lxHjxhn0js4C3ey2scOxu","https://drive.google.com/file/d/1al580Wx6F16lxHjxhn0js4C3ey2scOxu/view?usp=drivesdk","application/pdf","/Semester 1/23PH120-PHYSICS","2024-10-11 16:52:58",131636
"Photo from Shahin😊","1gIVpCeEoXtan1wFaP4BxicqnxSjLUHaH","https://drive.google.com/file/d/1gIVpCeEoXtan1wFaP4BxicqnxSjLUHaH/view?usp=drivesdk","image/jpeg","/Semester 1/23PH120-PHYSICS/Questions Papers","2024-10-22 17:40:01",128363
"Photo from Shahin😊","1gbQRf0NRKZg3nKe1KPS1L79q_cNJsEQ0","https://drive.google.com/file/d/1gbQRf0NRKZg3nKe1KPS1L79q_cNJsEQ0/view?usp=drivesdk","image/jpeg","/Semester 1/23PH120-PHYSICS/Questions Papers","2024-10-22 17:40:16",77732
"Photo from Shahin😊","1gafQcGZc5lZYYC39uFyGntrvTGPj7YOM","https://drive.google.com/file/d/1gafQcGZc5lZYYC39uFyGntrvTGPj7YOM/view?usp=drivesdk","image/jpeg","/Semester 1/23PH120-PHYSICS/Questions Papers","2024-10-22 17:40:10",128363
"Photo from Shahin😊","1gSLDXLn8c35ycYRODOdyhOvvB2EaHqGT","https://drive.google.com/file/d/1gSLDXLn8c35ycYRODOdyhOvvB2EaHqGT/view?usp=drivesdk","image/jpeg","/Semester 1/23PH120-PHYSICS/Questions Papers","2024-10-22 17:40:09",77732
"Copy of IMG-20241016-WA0005.jpg","19HyeeEh6-SPVp9fmREoNQRpj_YUm88zx","https://drive.google.com/file/d/19HyeeEh6-SPVp9fmREoNQRpj_YUm88zx/view?usp=drivesdk","image/jpeg","/Semester 1/23PH120-PHYSICS/Notes and PPTs","2025-09-21 22:20:15",95588
"Copy of IMG-20241016-WA0004.jpg","1gZ7RfBCA2k9_U1yw6FO6VF9jmPzs8_sV","https://drive.google.com/file/d/1gZ7RfBCA2k9_U1yw6FO6VF9jmPzs8_sV/view?usp=drivesdk","image/jpeg","/Semester 1/23PH120-PHYSICS/Notes and PPTs","2025-09-21 22:20:15",108438
"Copy of IMG-20241016-WA0006.jpg","1zIgpIQ1jEzjYA9h__Yb7MWIMUF2rThnO","https://drive.google.com/file/d/1zIgpIQ1jEzjYA9h__Yb7MWIMUF2rThnO/view?usp=drivesdk","image/jpeg","/Semester 1/23PH120-PHYSICS/Notes and PPTs","2025-09-21 22:20:15",79549
"Unit - I - Mechanics - Study Material.pdf","1Sxjr4yjR3cIOVM1bHIBjrNoEAC0FFr6u","https://drive.google.com/file/d/1Sxjr4yjR3cIOVM1bHIBjrNoEAC0FFr6u/view?usp=drivesdk","application/pdf","/Semester 1/23PH120-PHYSICS/Notes and PPTs","2024-09-23 20:07:25",15727927
"ijk.pdf","1Er0Jy8o4VHIC1uOQz2Wro6HHt091YTN5","https://drive.google.com/file/d/1Er0Jy8o4VHIC1uOQz2Wro6HHt091YTN5/view?usp=drivesdk","application/pdf","/Semester 1/23PH120-PHYSICS/Notes and PPTs","2024-12-24 18:19:15",15727927
"Copy of phy how mobile network work.pdf","11Yxd0GLhjTtuA7c8wRrxoKtR2W-_p-3c","https://drive.google.com/file/d/11Yxd0GLhjTtuA7c8wRrxoKtR2W-_p-3c/view?usp=drivesdk","application/pdf","/Semester 1/23PH120-PHYSICS/Notes and PPTs","2024-12-10 10:04:44",158283
"Dr NS- 23PH120 - QUESTION BANK FOR UNIT-4 UNIT-5 AND UNIT-6 - Dr N. SANKAR PROFESSOR OF PHYSICS.pdf","12QHuuPDCtx_bQgEcP9MgKozqfg2cOdId","https://drive.google.com/file/d/12QHuuPDCtx_bQgEcP9MgKozqfg2cOdId/view?usp=drivesdk","application/pdf","/Semester 1/23PH120-PHYSICS/Notes and PPTs","2024-12-12 18:46:48",63100
"unit 4 em waves pdf 2.pdf","1EIkV-QCu0MfdvuDEMqJDoiQPDT2TH7Ls","https://drive.google.com/file/d/1EIkV-QCu0MfdvuDEMqJDoiQPDT2TH7Ls/view?usp=drivesdk","application/pdf","/Semester 1/23PH120-PHYSICS/Notes and PPTs","2024-12-17 14:41:05",4221804
"unit 4 pdf 1.pdf","1EIbo28okkEQfRFmH2zNvKecoYCWP0rQo","https://drive.google.com/file/d/1EIbo28okkEQfRFmH2zNvKecoYCWP0rQo/view?usp=drivesdk","application/pdf","/Semester 1/23PH120-PHYSICS/Notes and PPTs","2024-12-17 14:40:55",1047774
"unit 4 problems.pdf","1EIwzpManpKrfOFWBmGlYMRrYHevqXGur","https://drive.google.com/file/d/1EIwzpManpKrfOFWBmGlYMRrYHevqXGur/view?usp=drivesdk","application/pdf","/Semester 1/23PH120-PHYSICS/Notes and PPTs","2024-12-17 19:06:18",1223560
"UNIT IV - APPLICATION0F EM WAVES IN SMART PHONES-REFERENCE MATERIAL-Dr. N. SANKAR.pdf","1FRlIa_IN9cNKYDUAO-J2A_Ou7P-lfY8J","https://drive.google.com/file/d/1FRlIa_IN9cNKYDUAO-J2A_Ou7P-lfY8J/view?usp=drivesdk","application/pdf","/Semester 1/23PH120-PHYSICS/Notes and PPTs","2024-12-29 07:17:20",1133988
"Dr. N.S. - UNIT-5-LASERS - AND - UNIT-6-FIBER OPTICS - FULL STUDY MATERIAL - Dr. N. SANKAR.pdf","1lEWXiU_YQHQYN81L45-usc7a76FUcHND","https://drive.google.com/file/d/1lEWXiU_YQHQYN81L45-usc7a76FUcHND/view?usp=drivesdk","application/pdf","/Semester 1/23PH120-PHYSICS/Notes and PPTs","2024-10-29 18:31:51",2332375
"Dr. NS - CAT-1 - ASSIGNMENT  - CSE-A SECTION - 2024 BATCH.pdf","1lD07MLKztHdmUl6F0DvaN7tV_G6CuOMu","https://drive.google.com/file/d/1lD07MLKztHdmUl6F0DvaN7tV_G6CuOMu/view?usp=drivesdk","application/pdf","/Semester 1/23PH120-PHYSICS/Notes and PPTs","2024-10-29 18:31:46",931337
"B.E. ECE PHYSICS SEM-1.pdf","1gmeRgEaK4St_waeVl3HADbhGie_aJS_W","https://drive.google.com/file/d/1gmeRgEaK4St_waeVl3HADbhGie_aJS_W/view?usp=drivesdk","application/pdf","/Semester 1/23PH120-PHYSICS/Notes and PPTs","2024-10-22 20:32:32",445479
"satelite manoeuvres unit -1.jpg","1ctz__xV523yOqi5tbDAq6PGlxIEWBq9T","https://drive.google.com/file/d/1ctz__xV523yOqi5tbDAq6PGlxIEWBq9T/view?usp=drivesdk","image/jpeg","/Semester 1/23PH120-PHYSICS/Notes and PPTs","2024-10-16 18:05:46",75078
"IMG-20241016-WA0006.jpg","1cuqZ62ca7NFhGQbsLm6MYE-Tr4flVQlO","https://drive.google.com/file/d/1cuqZ62ca7NFhGQbsLm6MYE-Tr4flVQlO/view?usp=drivesdk","image/jpeg","/Semester 1/23PH120-PHYSICS/Notes and PPTs","2024-10-16 18:05:58",79549
"IMG-20241016-WA0005.jpg","1cuZwJqrdICeerR8BBbNJRh1k9Fo1DQ3a","https://drive.google.com/file/d/1cuZwJqrdICeerR8BBbNJRh1k9Fo1DQ3a/view?usp=drivesdk","image/jpeg","/Semester 1/23PH120-PHYSICS/Notes and PPTs","2024-10-16 18:05:54",95588
"IMG-20241016-WA0004.jpg","1cu-REXKNm8JTda5rFKE5-ZXjXYdPMQts","https://drive.google.com/file/d/1cu-REXKNm8JTda5rFKE5-ZXjXYdPMQts/view?usp=drivesdk","image/jpeg","/Semester 1/23PH120-PHYSICS/Notes and PPTs","2024-10-16 18:05:50",108438
"unit 2 concept part2.pdf","1UjRLnOymj7JNj-fO68puc_AvKEU0zLLU","https://drive.google.com/file/d/1UjRLnOymj7JNj-fO68puc_AvKEU0zLLU/view?usp=drivesdk","application/pdf","/Semester 1/23PH120-PHYSICS/Notes and PPTs","2024-09-25 18:39:50",1961986
"unit 2 concept.pdf","1USORHERLf5c9loxIgNHgCiPllaLvO3Oa","https://drive.google.com/file/d/1USORHERLf5c9loxIgNHgCiPllaLvO3Oa/view?usp=drivesdk","application/pdf","/Semester 1/23PH120-PHYSICS/Notes and PPTs","2024-09-25 18:39:47",2091547
"UNIT - 3 - THERMODYNAMICS - ENTROPY - PROBLEMS - PART-2 -  Dr. N. SANKAR.pdf","1bOBiNqVhYupOCQwX9fFLBcT1ivpwKbJn","https://drive.google.com/file/d/1bOBiNqVhYupOCQwX9fFLBcT1ivpwKbJn/view?usp=drivesdk","application/pdf","/Semester 1/23PH120-PHYSICS/Notes and PPTs","2024-10-13 09:39:21",3664656
"Dr.N.SANKAR - DEGREE OF FREEDOM AND CONSTRAINTS - BRIEF STUDY MATERIAL.pdf","1bOAQdvchNFF7pn6chRSN1qas8ZgEkDU2","https://drive.google.com/file/d/1bOAQdvchNFF7pn6chRSN1qas8ZgEkDU2/view?usp=drivesdk","application/pdf","/Semester 1/23PH120-PHYSICS/Notes and PPTs","2024-10-13 09:39:08",562596
"Dr.N.SANKAR - DEGREE OF FREEDOM AND CONSTRAINTS - BRIEF STUDY MATERIAL.pdf","1acA-etJn8yx0GVnO7tM3otV_iAwfi3tJ","https://drive.google.com/file/d/1acA-etJn8yx0GVnO7tM3otV_iAwfi3tJ/view?usp=drivesdk","application/pdf","/Semester 1/23PH120-PHYSICS/Notes and PPTs","2024-10-11 16:50:32",562596
"UNIT - 3 - THERMODYNAMICS - PROBLEMS - PART-1 -  Dr. N. SANKAR.pdf","1aVsJgzxF9agDpa-h2sPOn5UyfBDO7PUX","https://drive.google.com/file/d/1aVsJgzxF9agDpa-h2sPOn5UyfBDO7PUX/view?usp=drivesdk","application/pdf","/Semester 1/23PH120-PHYSICS/Notes and PPTs","2024-10-11 16:50:21",1205995
"CNG ENGINE - WORKING AND EFFICIENCY DERIVATION - Dr. N. SANKAR.pdf","1aVTUerUaQZjuDoJU_gS7D-ddNTP5zL0e","https://drive.google.com/file/d/1aVTUerUaQZjuDoJU_gS7D-ddNTP5zL0e/view?usp=drivesdk","application/pdf","/Semester 1/23PH120-PHYSICS/Notes and PPTs","2024-10-11 16:50:16",506279
"UNIT - 3 - THERMODYNAMICS STUDY MATERIAL - Dr. N. SANKAR.pdf","1aRzE8wB4JOcJn7ktHn7ulEqkNy-Zf4SU","https://drive.google.com/file/d/1aRzE8wB4JOcJn7ktHn7ulEqkNy-Zf4SU/view?usp=drivesdk","application/pdf","/Semester 1/23PH120-PHYSICS/Notes and PPTs","2024-10-11 16:50:28",20741275
"Dr. N.S. UNIT-2  -QM -EXPECTATION VALUE AND QUANTUM COMPUTATION.pdf","1aQkca5a3-owVjMjhT4tppHRTRmlF8vuj","https://drive.google.com/file/d/1aQkca5a3-owVjMjhT4tppHRTRmlF8vuj/view?usp=drivesdk","application/pdf","/Semester 1/23PH120-PHYSICS/Notes and PPTs","2024-10-11 16:50:02",1533658
"UNIT - 2 - QUANTUM COMPUTING - STUDY MATERIAL  - Dr. N. SANKAR.pdf","1aIj8mw-W1sFQhj3_OQ1r4OmSvKrG55_T","https://drive.google.com/file/d/1aIj8mw-W1sFQhj3_OQ1r4OmSvKrG55_T/view?usp=drivesdk","application/pdf","/Semester 1/23PH120-PHYSICS/Notes and PPTs","2024-10-11 16:49:45",38514
"UNIT - 2 - QUANTUM MECHANICS - PROBLEMS - STUDY MATERIAL - Dr. N. SANKAR.pdf","1Um2vWtBjNgbAgacjbrXwjhbQyazMbNRw","https://drive.google.com/file/d/1Um2vWtBjNgbAgacjbrXwjhbQyazMbNRw/view?usp=drivesdk","application/pdf","/Semester 1/23PH120-PHYSICS/Notes and PPTs","2024-09-25 18:39:58",1237675
"Lab manual Final-03.09.2024.pdf","1SzOkeao64HuDi458evj3dFT0UkRJZe3T","https://drive.google.com/file/d/1SzOkeao64HuDi458evj3dFT0UkRJZe3T/view?usp=drivesdk","application/pdf","/Semester 1/23PH120-PHYSICS/Notes and PPTs","2024-09-23 20:07:10",1716918
"CARTESIAN-POLAR-CYLINDRICAL CO-ORDINATES SYSTEMS.pdf","1Sz40O1Utv_9FnWlt0x7-iw8DLQwsvMxK","https://drive.google.com/file/d/1Sz40O1Utv_9FnWlt0x7-iw8DLQwsvMxK/view?usp=drivesdk","application/pdf","/Semester 1/23PH120-PHYSICS/Notes and PPTs","2024-09-23 20:07:02",362924
"DEGREES OF FREEDOM AND CONSTRAINTS -UNIT-1 - STUDY MATERIAL - Dr N SANKAR.pdf","1SuHynIidrHBLZctOBrv72a-6H9InnKY4","https://drive.google.com/file/d/1SuHynIidrHBLZctOBrv72a-6H9InnKY4/view?usp=drivesdk","application/pdf","/Semester 1/23PH120-PHYSICS/Notes and PPTs","2024-09-23 20:06:53",231714
"UNIT - 1 - PROBLEM - PART-2 - EXERCISE PROBLEMS -  Dr. N. SANKAR.pdf","1Sn6ChmswWLPdo5QQlUjeaOOHaCwPUKsi","https://drive.google.com/file/d/1Sn6ChmswWLPdo5QQlUjeaOOHaCwPUKsi/view?usp=drivesdk","application/pdf","/Semester 1/23PH120-PHYSICS/Notes and PPTs","2024-09-23 20:06:48",717712
"UNIT - 1 - PROBLEM - PART-1 - CO-ORDINATE SYSTEMS -  Dr. N. SANKAR.pdf","1Smw0QlNo_IPXzEq3iaaEZU4ReVdpSGm2","https://drive.google.com/file/d/1Smw0QlNo_IPXzEq3iaaEZU4ReVdpSGm2/view?usp=drivesdk","application/pdf","/Semester 1/23PH120-PHYSICS/Notes and PPTs","2024-09-23 20:06:42",473894
"Course Plan.jpg","1pfztMIqw4E307RqXyKHScRNmn3MHlD8o","https://drive.google.com/file/d/1pfztMIqw4E307RqXyKHScRNmn3MHlD8o/view?usp=drivesdk","image/jpeg","/Semester 1/22TAAA0-HERITAGE OF TAMILS","2025-09-21 16:36:33",129807
"DOC-20250924-WA0003.pdf","1g5AMNQHyWAGCPf3JS_bSwyklH7XuSbJP","https://drive.google.com/file/d/1g5AMNQHyWAGCPf3JS_bSwyklH7XuSbJP/view?usp=drivesdk","application/pdf","/Semester 1/22TAAA0-HERITAGE OF TAMILS/Question Papers","2025-09-24 10:59:29",1014955
"DOC-20250924-WA0004.pdf","1XNTpZ-vXmp7h3IZVGZui42JbVeq8_J-i","https://drive.google.com/file/d/1XNTpZ-vXmp7h3IZVGZui42JbVeq8_J-i/view?usp=drivesdk","application/pdf","/Semester 1/22TAAA0-HERITAGE OF TAMILS/Question Papers","2025-09-24 10:59:10",91614
"DOC-20250924-WA0001.pdf","1d_Xdx9IaL8ur9jpmmBPOLo5sLFPu9l8i","https://drive.google.com/file/d/1d_Xdx9IaL8ur9jpmmBPOLo5sLFPu9l8i/view?usp=drivesdk","application/pdf","/Semester 1/22TAAA0-HERITAGE OF TAMILS/Question Papers","2025-09-24 10:59:01",90832
"GE3152-Heritage-of-Tamils-Nov-Dec-2023-Question-Paper-Download.pdf","1yr0qacAi9kQQJSsUlVueyr2KIvt6JCkj","https://drive.google.com/file/d/1yr0qacAi9kQQJSsUlVueyr2KIvt6JCkj/view?usp=drivesdk","application/pdf","/Semester 1/22TAAA0-HERITAGE OF TAMILS/Question Papers","2025-09-24 10:40:01",359993
"GE3152-Heritage-of-Tamils-Apr-May-2023-Question-Paper-Download.pdf","1CD_CtuKKYaLUWSQEhmPucdeN8WuhbkDm","https://drive.google.com/file/d/1CD_CtuKKYaLUWSQEhmPucdeN8WuhbkDm/view?usp=drivesdk","application/pdf","/Semester 1/22TAAA0-HERITAGE OF TAMILS/Question Papers","2025-09-24 10:39:54",360257
"GE3152-Heritage-of-Tamils-Nov-Dec-2022-Question-Paper-Download.pdf","1x1FNE_AgWRSZz4qzvIdqCoXurztII1q7","https://drive.google.com/file/d/1x1FNE_AgWRSZz4qzvIdqCoXurztII1q7/view?usp=drivesdk","application/pdf","/Semester 1/22TAAA0-HERITAGE OF TAMILS/Question Papers","2025-09-24 10:39:42",327518
"DOC-20250924-WA0002.pdf","1NrwC8XV7V6URg0SQKpbsa_udI4MrJoIY","https://drive.google.com/file/d/1NrwC8XV7V6URg0SQKpbsa_udI4MrJoIY/view?usp=drivesdk","application/pdf","/Semester 1/22TAAA0-HERITAGE OF TAMILS/Notes and PPTs/Tamil_notes","2025-09-24 10:40:38",4766817
"UNIT_5","1iZfgG-RH0X_BZ8VfhYO5wOgCfu_VQDbS","https://drive.google.com/file/d/1iZfgG-RH0X_BZ8VfhYO5wOgCfu_VQDbS/view?usp=drivesdk","application/pdf","/Semester 1/22TAAA0-HERITAGE OF TAMILS/Notes and PPTs/English_notes","2025-09-24 09:39:54",5645244
"UNIT_4","18SNNdykE2uKKyDB-lhdINeBhOFBUl-Ag","https://drive.google.com/file/d/18SNNdykE2uKKyDB-lhdINeBhOFBUl-Ag/view?usp=drivesdk","application/pdf","/Semester 1/22TAAA0-HERITAGE OF TAMILS/Notes and PPTs/English_notes","2025-09-24 09:39:45",9473021
"UNIT_3","1UJrv5mA5OnFFAlgzSK-L_kBfovRPpwC6","https://drive.google.com/file/d/1UJrv5mA5OnFFAlgzSK-L_kBfovRPpwC6/view?usp=drivesdk","application/pdf","/Semester 1/22TAAA0-HERITAGE OF TAMILS/Notes and PPTs/English_notes","2025-09-24 09:39:38",4248437
"UNIT_1","1ol26a34Pe0J9vLV5Ig4v5jG8TAmi8Wo4","https://drive.google.com/file/d/1ol26a34Pe0J9vLV5Ig4v5jG8TAmi8Wo4/view?usp=drivesdk","application/pdf","/Semester 1/22TAAA0-HERITAGE OF TAMILS/Notes and PPTs/English_notes","2025-09-24 09:39:03",7729979
"UNIT_2","1T_gh27lFjbRLgdT3414xLS6rj9XJRNqK","https://drive.google.com/file/d/1T_gh27lFjbRLgdT3414xLS6rj9XJRNqK/view?usp=drivesdk","application/pdf","/Semester 1/22TAAA0-HERITAGE OF TAMILS/Notes and PPTs/English_notes","2025-09-24 09:39:19",5008198
"Python.pdf","1i_RowaH0EET3zWT05pM3yMJf_w2EMVVl","https://drive.google.com/file/d/1i_RowaH0EET3zWT05pM3yMJf_w2EMVVl/view?usp=drivesdk","application/pdf","/Semester 1/22CS161-FOUNDATION OF COMPUTER PROGRAMMING/Question Papers/CAT","2025-09-24 09:46:04",4213909
"Copy of Operators and its Precedence MND.pdf","1e953UUEINKFV-7uH2dU-AdJQVy94da_v","https://drive.google.com/file/d/1e953UUEINKFV-7uH2dU-AdJQVy94da_v/view?usp=drivesdk","application/pdf","/Semester 1/22CS161-FOUNDATION OF COMPUTER PROGRAMMING/Notes and PPTs","2025-09-24 09:33:17",159872
"Copy of Flowchart for all(1).pdf","13jxa78qoPArpkMF_I4n5TIoPOO_j3jZd","https://drive.google.com/file/d/13jxa78qoPArpkMF_I4n5TIoPOO_j3jZd/view?usp=drivesdk","application/pdf","/Semester 1/22CS161-FOUNDATION OF COMPUTER PROGRAMMING/Notes and PPTs","2025-09-24 09:32:25",2373471
"Copy of CO2-3-4.pdf","1oVJaKZKQCZWFFkRk23gjKU__vqdLZd9P","https://drive.google.com/file/d/1oVJaKZKQCZWFFkRk23gjKU__vqdLZd9P/view?usp=drivesdk","application/pdf","/Semester 1/22CS161-FOUNDATION OF COMPUTER PROGRAMMING/Notes and PPTs","2025-09-24 09:26:38",649352
"Copy of CO1.pdf","1lu4Vh_PgCBIxPjr1751eJA9dheuRZg9b","https://drive.google.com/file/d/1lu4Vh_PgCBIxPjr1751eJA9dheuRZg9b/view?usp=drivesdk","application/pdf","/Semester 1/22CS161-FOUNDATION OF COMPUTER PROGRAMMING/Notes and PPTs","2025-09-24 09:25:51",278537
"Python Crash Course A Hands-On , Project-Based Introduction to Programming-Eric Matthes.pdf","1ygFjV6jSVY1Ej6MxNpVmIy9gZxLxweiz","https://drive.google.com/file/d/1ygFjV6jSVY1Ej6MxNpVmIy9gZxLxweiz/view?usp=drivesdk","application/pdf","/Semester 1/22CS161-FOUNDATION OF COMPUTER PROGRAMMING/Books","2025-09-21 21:45:13",7244232
"EVS.pdf","1l-4G-GJOvncZzI5RLDRtN5VxHemITTLG","https://drive.google.com/file/d/1l-4G-GJOvncZzI5RLDRtN5VxHemITTLG/view?usp=drivesdk","application/pdf","/Semester 1/22CHAA0-ENVIRONMENTAL SCIENCE/Question Papers","2025-09-24 09:51:27",541428
"UNIT I_EVS.pdf","1pxX0Ih5jrJ21-09o58wr-3o_kkRGnNC8","https://drive.google.com/file/d/1pxX0Ih5jrJ21-09o58wr-3o_kkRGnNC8/view?usp=drivesdk","application/pdf","/Semester 1/22CHAA0-ENVIRONMENTAL SCIENCE/Notes and PPTs","2025-09-21 16:14:57",1570326
"Case Study template.docx","1YYsYwC_Kth9aHdHSQP3MjfcSGZf8wKjv","https://docs.google.com/document/d/1YYsYwC_Kth9aHdHSQP3MjfcSGZf8wKjv/edit?usp=drivesdk&ouid=104497255580477485161&rtpof=true&sd=true","application/vnd.openxmlformats-officedocument.wordprocessingml.document","/Semester 1/22CHAA0-ENVIRONMENTAL SCIENCE/Notes and PPTs","2025-09-21 16:16:54",206511
"Unit 3_EVS.pdf","1wPIiOUTHj6rR2E5BVNMTSGvyXI1oEEiv","https://drive.google.com/file/d/1wPIiOUTHj6rR2E5BVNMTSGvyXI1oEEiv/view?usp=drivesdk","application/pdf","/Semester 1/22CHAA0-ENVIRONMENTAL SCIENCE/Notes and PPTs","2025-09-21 16:15:27",690006
"Unit 2_EVS.pdf","1fZrvCCVWkylh8TrMFNWmFZ9kZ63vPu2W","https://drive.google.com/file/d/1fZrvCCVWkylh8TrMFNWmFZ9kZ63vPu2W/view?usp=drivesdk","application/pdf","/Semester 1/22CHAA0-ENVIRONMENTAL SCIENCE/Notes and PPTs","2025-09-21 16:15:09",498181
"Books.pdf","1yqFcbYEBsRtkic_dnDKvFefQrbudTIjX","https://drive.google.com/file/d/1yqFcbYEBsRtkic_dnDKvFefQrbudTIjX/view?usp=drivesdk","application/pdf","/Semester 1/22CS150-ENGINEERING EXPLORATION","2025-09-21 16:34:21",302916156
"Copy of Updated EE-CAT2 QUESTION PAPER 2023-24.docx.pdf","1erwqf78j5wZ0C2Spk_fcRuJWvm5XtVgi","https://drive.google.com/file/d/1erwqf78j5wZ0C2Spk_fcRuJWvm5XtVgi/view?usp=drivesdk","application/pdf","/Semester 1/22CS150-ENGINEERING EXPLORATION/Question Papers","2025-09-24 09:52:58",160861
"Copy of ENGINEERINGEXPLORATION1 qp.pdf","1lmZpttDFRzNJuAkgFLZeHGl3lKdnZb-f","https://drive.google.com/file/d/1lmZpttDFRzNJuAkgFLZeHGl3lKdnZb-f/view?usp=drivesdk","application/pdf","/Semester 1/22CS150-ENGINEERING EXPLORATION/Question Papers","2025-09-24 09:52:50",53035
"Copy of ENGINEERING EXPLORATION qp.pdf","1XM5MY0xT17FedTBFgXEs2UoAO15DZtdd","https://drive.google.com/file/d/1XM5MY0xT17FedTBFgXEs2UoAO15DZtdd/view?usp=drivesdk","application/pdf","/Semester 1/22CS150-ENGINEERING EXPLORATION/Question Papers","2025-09-24 09:52:41",227360
"Copy of eng exp sem qp.pdf","1RaDgxyjlSyPiO4jtxTtw5jUd4v_LCyV-","https://drive.google.com/file/d/1RaDgxyjlSyPiO4jtxTtw5jUd4v_LCyV-/view?usp=drivesdk","application/pdf","/Semester 1/22CS150-ENGINEERING EXPLORATION/Question Papers","2025-09-24 09:52:27",53035
"workbook.pdf","1SW888kAu9aq2Gumjn6Y_6kKDPK5vAs1A","https://drive.google.com/file/d/1SW888kAu9aq2Gumjn6Y_6kKDPK5vAs1A/view?usp=drivesdk","application/pdf","/Semester 1/22CS150-ENGINEERING EXPLORATION/Notes and PPTs","2025-09-21 16:19:07",7373881
"Copy of sem paper.pdf","1OHci7VWnpTeEnunpxG4UmL8U76kdlHGy","https://drive.google.com/file/d/1OHci7VWnpTeEnunpxG4UmL8U76kdlHGy/view?usp=drivesdk","application/pdf","/Semester 1/22MA111-CALCULUS FOR ENGINEERS/Question Papers/SEM","2025-09-24 09:41:55",329969
"Copy of sem paper.pdf","1XqTOiiHwgDsnRb1SwLS5JVo9xOxs1Snt","https://drive.google.com/file/d/1XqTOiiHwgDsnRb1SwLS5JVo9xOxs1Snt/view?usp=drivesdk","application/pdf","/Semester 1/22MA111-CALCULUS FOR ENGINEERS/Question Papers/SEM","2025-09-24 09:41:55",970259
"Copy of CAT - I batch 1.pdf","11dou7FD4cgOtfmHkf2WmOa0TEaxbH2kV","https://drive.google.com/file/d/11dou7FD4cgOtfmHkf2WmOa0TEaxbH2kV/view?usp=drivesdk","application/pdf","/Semester 1/22MA111-CALCULUS FOR ENGINEERS/Question Papers/CAT","2025-09-24 09:32:39",385726
"Copy of CAT 1-22MA110 2023.pdf","16-t8raPROpW8Y0V1IvcXIyL-mUFNUON9","https://drive.google.com/file/d/16-t8raPROpW8Y0V1IvcXIyL-mUFNUON9/view?usp=drivesdk","application/pdf","/Semester 1/22MA111-CALCULUS FOR ENGINEERS/Question Papers/CAT","2025-09-24 09:32:39",182794
"Copy of CAT - I batch 2.pdf","1p7olvaZlwZ4S6RCb0pR3OfQZD35EVh_B","https://drive.google.com/file/d/1p7olvaZlwZ4S6RCb0pR3OfQZD35EVh_B/view?usp=drivesdk","application/pdf","/Semester 1/22MA111-CALCULUS FOR ENGINEERS/Question Papers/CAT","2025-09-24 09:32:39",338050
"Copy of CAT 1-22MA110 - Re 2022.pdf","1wgotykUPRd7Y_E2kNR8TYeYmFZCrTV7e","https://drive.google.com/file/d/1wgotykUPRd7Y_E2kNR8TYeYmFZCrTV7e/view?usp=drivesdk","application/pdf","/Semester 1/22MA111-CALCULUS FOR ENGINEERS/Question Papers/CAT","2025-09-24 09:32:39",382498
"calc_14.3_ans.pdf","16fMYBDQjjhW7rRHli2VQGdxowxIwlmX7","https://drive.google.com/file/d/16fMYBDQjjhW7rRHli2VQGdxowxIwlmX7/view?usp=drivesdk","application/pdf","/Semester 1/22MA111-CALCULUS FOR ENGINEERS/Notes and PPTs/NOTES","2025-09-21 16:35:27",11059516
"math_ans.pdf","1O1RW2wNrL4EuapKU0LTVqnXongfFNIbW","https://drive.google.com/file/d/1O1RW2wNrL4EuapKU0LTVqnXongfFNIbW/view?usp=drivesdk","application/pdf","/Semester 1/22MA111-CALCULUS FOR ENGINEERS/Notes and PPTs/NOTES","2025-09-21 16:35:19",25178848
"22MA111-Calculus - Unit - I - IV - Contents.pdf","1FOsDNbUzzfHGcdq2Oso1ss_fXc4IePxP","https://drive.google.com/file/d/1FOsDNbUzzfHGcdq2Oso1ss_fXc4IePxP/view?usp=drivesdk","application/pdf","/Semester 1/22MA111-CALCULUS FOR ENGINEERS/BOOK","2025-09-21 16:28:21",23859254
